date,pin_id,board_id
2026-10-02,8514686791727387,1108378226984223435
2026-10-02,7670261860893614,1108378226984223435
2026-10-02,8585055536655703,1108378226984223435
2026-10-02,1407443630994555,1108378226984223435
2026-10-02,823947694372494136,1108378226984223435
2026-10-02,140806235071912,1108378226984223435
2026-10-02,8866530512627545,1108378226984223435
2026-10-02,15551561209086507,1108378226984223435
2026-10-02,139119075987237652,1108378226984223436
2026-10-02,4644405860987918,1108378226984223436
2026-10-02,70437491441928,1108378226984223436
2026-10-02,2040762329778172,1108378226984223436
2026-10-02,3307399722796926,1108378226984223436
2026-10-02,352617845847940396,1108378226984223437
2026-10-02,139119075987237666,1108378226984223437
2026-10-02,59532026398588109,1108378226984223437
2026-10-02,140806235059568,1108378226984223437
2026-10-02,703756189707843,1108378226984223437
2026-10-02,26740191532432596,1108378226984223437
2026-10-02,3518505952557784,1108378226984223438
2026-10-02,68046644366672782,1108378226984223438
2026-10-02,1132233162603828352,1108378226984223438
2026-10-02,8514686791380885,1108378226984223438
2026-10-02,8866530512737051,1108378226984223438
2026-10-02,903886587739549924,1108378226984223438
2026-10-02,3166662234215859,1108378226984223439
2026-10-02,2533343538113140,1108378226984223439
2026-10-02,27936460195079042,1108378226984223439
2026-10-02,176625616640737096,1108378226984223439
2026-10-02,9288742977936793,1108378226984223439
2026-10-02,8866530512627549,1108378226984223439
2026-10-03,1007399010419603759,1108378226984223437
2026-10-03,1055599904901315,1108378226984223437
2026-10-03,56224695343987276,1108378226984223437
2026-10-03,322851867061477679,1108378226984223437
2026-10-03,13721973859247529,1108378226984223437
2026-10-05,1407443630749729,1108378226984223439
2026-10-05,10977592837982999,1108378226984223439
2026-10-05,3166662234215847,1108378226984223439
2026-10-05,7036943163874268,1108378226984223439
2026-10-05,2111131074029063,1108378226984223439
